{
  "video_info": {
    "filename": "15sec_input_720p.mp4",
    "width": 1280,
    "height": 720,
    "fps": 25,
    "total_frames": 375,
    "processed_frames": 375
  },
  "performance_metrics": {
    "avg_processing_time": 2.581541502634684,
    "max_processing_time": 10.21519422531128,
    "min_processing_time": 1.140364408493042,
    "avg_detections_per_frame": 5.664,
    "total_frames_processed": 375,
    "fps": 0.3873654554766655,
    "total_unique_players": 6
  },
  "tracking_data": [
    {
      "frame_number": 366,
      "active_players": 6,
      "disappeared_players": 0,
      "processing_time": 1.5030183792114258,
      "player_positions": {
        "1": [
          724.7698974609375,
          337.12939453125
        ],
        "3": [
          279.2068176269531,
          331.2012023925781
        ],
        "5": [
          32.58238983154297,
          272.0547790527344
        ],
        "6": [
          200.44976806640625,
          304.20050048828125
        ],
        "4": [
          627.177490234375,
          311.9180603027344
        ],
        "2": [
          131.41390991210938,
          293.3233642578125
        ]
      }
    },
    {
      "frame_number": 367,
      "active_players": 6,
      "disappeared_players": 0,
      "processing_time": 1.6138291358947754,
      "player_positions": {
        "1": [
          716.9102172851562,
          336.55291748046875
        ],
        "3": [
          278.233154296875,
          330.11077880859375
        ],
        "5": [
          32.22287368774414,
          268.08245849609375
        ],
        "6": [
          200.0098876953125,
          301.47802734375
        ],
        "4": [
          632.1566162109375,
          311.9617919921875
        ],
        "2": [
          134.4466552734375,
          291.15997314453125
        ]
      }
    },
    {
      "frame_number": 368,
      "active_players": 6,
      "disappeared_players": 0,
      "processing_time": 1.8858814239501953,
      "player_positions": {
        "1": [
          704.70556640625,
          337.46575927734375
        ],
        "3": [
          276.15496826171875,
          330.0700988769531
        ],
        "5": [
          41.32990646362305,
          268.8133850097656
        ],
        "6": [
          199.2642822265625,
          303.3979797363281
        ],
        "4": [
          636.813720703125,
          311.7679443359375
        ],
        "2": [
          137.96337890625,
          292.4647216796875
        ]
      }
    },
    {
      "frame_number": 369,
      "active_players": 6,
      "disappeared_players": 0,
      "processing_time": 1.5354993343353271,
      "player_positions": {
        "1": [
          702.28759765625,
          340.91357421875
        ],
        "3": [
          276.21331787109375,
          333.8411865234375
        ],
        "5": [
          44.65225601196289,
          273.4225158691406
        ],
        "6": [
          199.4488067626953,
          307.6061706542969
        ],
        "4": [
          641.69287109375,
          312.0841369628906
        ],
        "2": [
          142.8736114501953,
          295.52691650390625
        ]
      }
    },
    {
      "frame_number": 370,
      "active_players": 6,
      "disappeared_players": 0,
      "processing_time": 1.5536210536956787,
      "player_positions": {
        "1": [
          698.07373046875,
          340.0117492675781
        ],
        "3": [
          275.7541809082031,
          334.30029296875
        ],
        "5": [
          51.22456359863281,
          276.4528503417969
        ],
        "6": [
          198.97079467773438,
          307.53472900390625
        ],
        "4": [
          645.8534545898438,
          309.01348876953125
        ],
        "2": [
          146.95562744140625,
          284.21923828125
        ]
      }
    },
    {
      "frame_number": 371,
      "active_players": 6,
      "disappeared_players": 0,
      "processing_time": 1.5747098922729492,
      "player_positions": {
        "1": [
          694.3411865234375,
          335.89404296875
        ],
        "3": [
          274.31475830078125,
          331.77703857421875
        ],
        "5": [
          68.61683654785156,
          268.7418212890625
        ],
        "6": [
          198.10073852539062,
          305.21038818359375
        ],
        "4": [
          649.1983642578125,
          305.5974426269531
        ],
        "2": [
          142.8487091064453,
          289.6357421875
        ]
      }
    },
    {
      "frame_number": 372,
      "active_players": 6,
      "disappeared_players": 0,
      "processing_time": 1.1517879962921143,
      "player_positions": {
        "1": [
          694.3411865234375,
          335.89404296875
        ],
        "3": [
          274.31475830078125,
          331.77703857421875
        ],
        "5": [
          68.61683654785156,
          268.7418212890625
        ],
        "6": [
          198.10073852539062,
          305.21038818359375
        ],
        "4": [
          649.1983642578125,
          305.5974426269531
        ],
        "2": [
          142.8487091064453,
          289.6357421875
        ]
      }
    },
    {
      "frame_number": 373,
      "active_players": 6,
      "disappeared_players": 0,
      "processing_time": 1.2161574363708496,
      "player_positions": {
        "1": [
          694.3411865234375,
          335.89404296875
        ],
        "3": [
          274.31475830078125,
          331.77703857421875
        ],
        "5": [
          63.00947570800781,
          324.73114013671875
        ],
        "6": [
          198.10073852539062,
          305.21038818359375
        ],
        "4": [
          649.1983642578125,
          305.5974426269531
        ],
        "2": [
          142.8487091064453,
          289.6357421875
        ]
      }
    },
    {
      "frame_number": 374,
      "active_players": 6,
      "disappeared_players": 0,
      "processing_time": 1.663116455078125,
      "player_positions": {
        "1": [
          694.3411865234375,
          335.89404296875
        ],
        "3": [
          274.31475830078125,
          331.77703857421875
        ],
        "5": [
          63.00947570800781,
          324.73114013671875
        ],
        "6": [
          198.10073852539062,
          305.21038818359375
        ],
        "4": [
          649.1983642578125,
          305.5974426269531
        ],
        "2": [
          142.8487091064453,
          289.6357421875
        ]
      }
    },
    {
      "frame_number": 375,
      "active_players": 6,
      "disappeared_players": 0,
      "processing_time": 1.140364408493042,
      "player_positions": {
        "1": [
          694.3411865234375,
          335.89404296875
        ],
        "3": [
          274.31475830078125,
          331.77703857421875
        ],
        "5": [
          63.00947570800781,
          324.73114013671875
        ],
        "6": [
          198.10073852539062,
          305.21038818359375
        ],
        "4": [
          649.1983642578125,
          305.5974426269531
        ],
        "2": [
          142.8487091064453,
          289.6357421875
        ]
      }
    }
  ]
}